{
  "$comment": "Automatically generated by scripts/boost/generate-ports.ps1",
  "name": "boost-process",
  "version": "1.81.0",
  "port-version": 2,
  "description": "Boost process module",
  "homepage": "https://github.com/boostorg/process",
  "license": "BSL-1.0",
  "supports": "!emscripten",
  "dependencies": [
    {
      "name": "boost-algorithm",
      "version>=": "1.81.0#2"
    },
    {
      "name": "boost-asio",
      "version>=": "1.81.0#2"
    },
    {
      "name": "boost-config",
      "version>=": "1.81.0#2"
    },
    {
      "name": "boost-core",
      "version>=": "1.81.0#2"
    },
    {
      "name": "boost-filesystem",
      "platform": "!uwp",
      "version>=": "1.81.0#2"
    },
    {
      "name": "boost-fusion",
      "version>=": "1.81.0#2"
    },
    {
      "name": "boost-io",
      "version>=": "1.81.0#2"
    },
    {
      "name": "boost-iterator",
      "version>=": "1.81.0#2"
    },
    {
      "name": "boost-move",
      "version>=": "1.81.0#2"
    },
    {
      "name": "boost-optional",
      "version>=": "1.81.0#2"
    },
    {
      "name": "boost-system",
      "version>=": "1.81.0#2"
    },
    {
      "name": "boost-throw-exception",
      "version>=": "1.81.0#2"
    },
    {
      "name": "boost-tokenizer",
      "version>=": "1.81.0#2"
    },
    {
      "name": "boost-type-index",
      "version>=": "1.81.0#2"
    },
    {
      "name": "boost-utility",
      "version>=": "1.81.0#2"
    },
    {
      "name": "boost-vcpkg-helpers",
      "version>=": "1.81.0#3"
    },
    {
      "name": "boost-winapi",
      "version>=": "1.81.0#2"
    }
  ]
}
