{
  "name": "azure-security-keyvault-keys-cpp",
  "version-semver": "4.3.0",
  "description": [
    "Microsoft Azure Key Vault Keys SDK for C++",
    "This library provides Azure Key Vault Keys SDK."
  ],
  "homepage": "https://github.com/Azure/azure-sdk-for-cpp/tree/main/sdk/keyvault/azure-security-keyvault-keys",
  "license": "MIT",
  "dependencies": [
    {
      "name": "azure-core-cpp",
      "default-features": false,
      "version>=": "1.5.0"
    },
    {
      "name": "vcpkg-cmake",
      "host": true
    },
    {
      "name": "vcpkg-cmake-config",
      "host": true
    }
  ]
}
