{
  "$comment": "Automatically generated by scripts/boost/generate-ports.ps1",
  "name": "boost-yap",
  "version": "1.81.0",
  "port-version": 2,
  "description": "Boost yap module",
  "homepage": "https://github.com/boostorg/yap",
  "license": "BSL-1.0",
  "dependencies": [
    {
      "name": "boost-hana",
      "version>=": "1.81.0#2"
    },
    {
      "name": "boost-preprocessor",
      "version>=": "1.81.0#2"
    },
    {
      "name": "boost-type-index",
      "version>=": "1.81.0#2"
    },
    {
      "name": "boost-vcpkg-helpers",
      "version>=": "1.81.0#3"
    }
  ]
}
