{
  "$comment": "Automatically generated by scripts/boost/generate-ports.ps1",
  "name": "boost-parameter-python",
  "version": "1.81.0",
  "port-version": 2,
  "description": "Boost parameter_python module",
  "homepage": "https://github.com/boostorg/parameter_python",
  "license": "BSL-1.0",
  "supports": "!emscripten",
  "dependencies": [
    {
      "name": "boost-mpl",
      "version>=": "1.81.0#2"
    },
    {
      "name": "boost-parameter",
      "version>=": "1.81.0#2"
    },
    {
      "name": "boost-preprocessor",
      "version>=": "1.81.0#2"
    },
    {
      "name": "boost-python",
      "platform": "!uwp & !emscripten & !ios & !android",
      "version>=": "1.81.0#2"
    },
    {
      "name": "boost-vcpkg-helpers",
      "version>=": "1.81.0#3"
    }
  ]
}
