{
  "$comment": "Automatically generated by scripts/boost/generate-ports.ps1",
  "name": "boost-multiprecision",
  "version": "1.81.0",
  "port-version": 2,
  "description": "Boost multiprecision module",
  "homepage": "https://github.com/boostorg/multiprecision",
  "license": "BSL-1.0",
  "dependencies": [
    {
      "name": "boost-assert",
      "version>=": "1.81.0#2"
    },
    {
      "name": "boost-config",
      "version>=": "1.81.0#2"
    },
    {
      "name": "boost-core",
      "version>=": "1.81.0#2"
    },
    {
      "name": "boost-integer",
      "version>=": "1.81.0#2"
    },
    {
      "name": "boost-lexical-cast",
      "version>=": "1.81.0#2"
    },
    {
      "name": "boost-math",
      "version>=": "1.81.0#2"
    },
    {
      "name": "boost-predef",
      "version>=": "1.81.0#2"
    },
    {
      "name": "boost-random",
      "platform": "!uwp",
      "version>=": "1.81.0#2"
    },
    {
      "name": "boost-throw-exception",
      "version>=": "1.81.0#2"
    },
    {
      "name": "boost-vcpkg-helpers",
      "version>=": "1.81.0#3"
    }
  ]
}
