{
  "name": "corrade",
  "version-string": "2020.06",
  "port-version": 5,
  "description": "C++11/C++14 multiplatform utility library.",
  "homepage": "https://magnum.graphics/corrade/",
  "dependencies": [
    {
      "name": "corrade",
      "host": true,
      "default-features": false,
      "features": [
        "utility"
      ]
    },
    {
      "name": "vcpkg-cmake",
      "host": true
    },
    {
      "name": "vcpkg-cmake-config",
      "host": true
    }
  ],
  "default-features": [
    "interconnect",
    "pluginmanager",
    "testsuite",
    "utility"
  ],
  "features": {
    "interconnect": {
      "description": "Interconnect library",
      "dependencies": [
        {
          "name": "corrade",
          "features": [
            "utility"
          ]
        }
      ]
    },
    "pluginmanager": {
      "description": "PluginManager library",
      "dependencies": [
        {
          "name": "corrade",
          "features": [
            "utility"
          ]
        }
      ]
    },
    "testsuite": {
      "description": "TestSuite library",
      "dependencies": [
        {
          "name": "corrade",
          "features": [
            "utility"
          ]
        }
      ]
    },
    "utility": {
      "description": "Utility library"
    }
  }
}
