{
  "$comment": "Automatically generated by scripts/boost/generate-ports.ps1",
  "name": "boost-outcome",
  "version": "1.81.0",
  "port-version": 2,
  "description": "Boost outcome module",
  "homepage": "https://github.com/boostorg/outcome",
  "license": "BSL-1.0",
  "dependencies": [
    {
      "name": "boost-config",
      "version>=": "1.81.0#2"
    },
    {
      "name": "boost-exception",
      "version>=": "1.81.0#2"
    },
    {
      "name": "boost-system",
      "version>=": "1.81.0#2"
    },
    {
      "name": "boost-throw-exception",
      "version>=": "1.81.0#2"
    },
    {
      "name": "boost-vcpkg-helpers",
      "version>=": "1.81.0#3"
    }
  ]
}
