{
  "$comment": "Automatically generated by scripts/boost/generate-ports.ps1",
  "name": "boost-asio",
  "version": "1.81.0",
  "port-version": 2,
  "description": "Boost asio module",
  "homepage": "https://github.com/boostorg/asio",
  "license": "BSL-1.0",
  "dependencies": [
    {
      "name": "boost-align",
      "version>=": "1.81.0#2"
    },
    {
      "name": "boost-array",
      "version>=": "1.81.0#2"
    },
    {
      "name": "boost-assert",
      "version>=": "1.81.0#2"
    },
    {
      "name": "boost-bind",
      "version>=": "1.81.0#2"
    },
    {
      "name": "boost-chrono",
      "version>=": "1.81.0#2"
    },
    {
      "name": "boost-config",
      "version>=": "1.81.0#2"
    },
    {
      "name": "boost-context",
      "platform": "!uwp & !emscripten",
      "version>=": "1.81.0#2"
    },
    {
      "name": "boost-core",
      "version>=": "1.81.0#2"
    },
    {
      "name": "boost-coroutine",
      "platform": "!(arm & windows) & !uwp & !emscripten",
      "version>=": "1.81.0#2"
    },
    {
      "name": "boost-date-time",
      "version>=": "1.81.0#2"
    },
    {
      "name": "boost-exception",
      "version>=": "1.81.0#2"
    },
    {
      "name": "boost-function",
      "version>=": "1.81.0#2"
    },
    {
      "name": "boost-regex",
      "version>=": "1.81.0#2"
    },
    {
      "name": "boost-smart-ptr",
      "version>=": "1.81.0#2"
    },
    {
      "name": "boost-system",
      "version>=": "1.81.0#2"
    },
    {
      "name": "boost-throw-exception",
      "version>=": "1.81.0#2"
    },
    {
      "name": "boost-type-traits",
      "version>=": "1.81.0#2"
    },
    {
      "name": "boost-utility",
      "version>=": "1.81.0#2"
    },
    {
      "name": "boost-vcpkg-helpers",
      "version>=": "1.81.0#3"
    }
  ],
  "features": {
    "ssl": {
      "description": "Build with SSL support",
      "dependencies": [
        {
          "name": "openssl",
          "platform": "!emscripten"
        }
      ]
    }
  }
}
