{
  "$comment": "Automatically generated by scripts/boost/generate-ports.ps1",
  "name": "boost-program-options",
  "version": "1.81.0",
  "port-version": 2,
  "description": "Boost program_options module",
  "homepage": "https://github.com/boostorg/program_options",
  "license": "BSL-1.0",
  "dependencies": [
    {
      "name": "boost-any",
      "version>=": "1.81.0#2"
    },
    {
      "name": "boost-bind",
      "version>=": "1.81.0#2"
    },
    {
      "name": "boost-build",
      "host": true,
      "version>=": "1.81.0#3"
    },
    {
      "name": "boost-config",
      "version>=": "1.81.0#2"
    },
    {
      "name": "boost-core",
      "version>=": "1.81.0#2"
    },
    {
      "name": "boost-detail",
      "version>=": "1.81.0#2"
    },
    {
      "name": "boost-function",
      "version>=": "1.81.0#2"
    },
    {
      "name": "boost-iterator",
      "version>=": "1.81.0#2"
    },
    {
      "name": "boost-lexical-cast",
      "version>=": "1.81.0#2"
    },
    {
      "name": "boost-modular-build-helper",
      "host": true,
      "version>=": "1.81.0#4"
    },
    {
      "name": "boost-smart-ptr",
      "version>=": "1.81.0#2"
    },
    {
      "name": "boost-static-assert",
      "version>=": "1.81.0#2"
    },
    {
      "name": "boost-throw-exception",
      "version>=": "1.81.0#2"
    },
    {
      "name": "boost-tokenizer",
      "version>=": "1.81.0#2"
    },
    {
      "name": "boost-type-traits",
      "version>=": "1.81.0#2"
    },
    {
      "name": "boost-vcpkg-helpers",
      "version>=": "1.81.0#3"
    },
    {
      "name": "vcpkg-cmake",
      "host": true
    }
  ]
}
