{
  "$comment": "Automatically generated by scripts/boost/generate-ports.ps1",
  "name": "boost-tuple",
  "version": "1.81.0",
  "port-version": 2,
  "description": "Boost tuple module",
  "homepage": "https://github.com/boostorg/tuple",
  "license": "BSL-1.0",
  "dependencies": [
    {
      "name": "boost-config",
      "version>=": "1.81.0#2"
    },
    {
      "name": "boost-core",
      "version>=": "1.81.0#2"
    },
    {
      "name": "boost-static-assert",
      "version>=": "1.81.0#2"
    },
    {
      "name": "boost-type-traits",
      "version>=": "1.81.0#2"
    },
    {
      "name": "boost-vcpkg-helpers",
      "version>=": "1.81.0#3"
    }
  ]
}
