{
  "$comment": "Automatically generated by scripts/boost/generate-ports.ps1",
  "name": "boost-units",
  "version": "1.81.0",
  "port-version": 2,
  "description": "Boost units module",
  "homepage": "https://github.com/boostorg/units",
  "license": "BSL-1.0",
  "dependencies": [
    {
      "name": "boost-assert",
      "version>=": "1.81.0#2"
    },
    {
      "name": "boost-config",
      "version>=": "1.81.0#2"
    },
    {
      "name": "boost-core",
      "version>=": "1.81.0#2"
    },
    {
      "name": "boost-integer",
      "version>=": "1.81.0#2"
    },
    {
      "name": "boost-io",
      "version>=": "1.81.0#2"
    },
    {
      "name": "boost-lambda",
      "version>=": "1.81.0#2"
    },
    {
      "name": "boost-math",
      "version>=": "1.81.0#2"
    },
    {
      "name": "boost-mpl",
      "version>=": "1.81.0#2"
    },
    {
      "name": "boost-preprocessor",
      "version>=": "1.81.0#2"
    },
    {
      "name": "boost-static-assert",
      "version>=": "1.81.0#2"
    },
    {
      "name": "boost-type-traits",
      "version>=": "1.81.0#2"
    },
    {
      "name": "boost-typeof",
      "version>=": "1.81.0#2"
    },
    {
      "name": "boost-vcpkg-helpers",
      "version>=": "1.81.0#3"
    }
  ]
}
