{
  "$comment": "Automatically generated by scripts/boost/generate-ports.ps1",
  "name": "boost-json",
  "version": "1.81.0",
  "port-version": 2,
  "description": "Boost json module",
  "homepage": "https://github.com/boostorg/json",
  "license": "BSL-1.0",
  "dependencies": [
    {
      "name": "boost-align",
      "version>=": "1.81.0#2"
    },
    {
      "name": "boost-assert",
      "version>=": "1.81.0#2"
    },
    {
      "name": "boost-build",
      "host": true,
      "version>=": "1.81.0#3"
    },
    {
      "name": "boost-config",
      "version>=": "1.81.0#2"
    },
    {
      "name": "boost-container",
      "version>=": "1.81.0#2"
    },
    {
      "name": "boost-core",
      "version>=": "1.81.0#2"
    },
    {
      "name": "boost-describe",
      "version>=": "1.81.0#2"
    },
    {
      "name": "boost-modular-build-helper",
      "host": true,
      "version>=": "1.81.0#4"
    },
    {
      "name": "boost-mp11",
      "version>=": "1.81.0#2"
    },
    {
      "name": "boost-system",
      "version>=": "1.81.0#2"
    },
    {
      "name": "boost-throw-exception",
      "version>=": "1.81.0#2"
    },
    {
      "name": "boost-vcpkg-helpers",
      "version>=": "1.81.0#3"
    },
    {
      "name": "vcpkg-cmake",
      "host": true
    }
  ]
}
