{
  "$comment": "Automatically generated by scripts/boost/generate-ports.ps1",
  "name": "boost-tti",
  "version": "1.81.0",
  "port-version": 2,
  "description": "Boost tti module",
  "homepage": "https://github.com/boostorg/tti",
  "license": "BSL-1.0",
  "dependencies": [
    {
      "name": "boost-config",
      "version>=": "1.81.0#2"
    },
    {
      "name": "boost-function-types",
      "version>=": "1.81.0#2"
    },
    {
      "name": "boost-mpl",
      "version>=": "1.81.0#2"
    },
    {
      "name": "boost-preprocessor",
      "version>=": "1.81.0#2"
    },
    {
      "name": "boost-type-traits",
      "version>=": "1.81.0#2"
    },
    {
      "name": "boost-vcpkg-helpers",
      "version>=": "1.81.0#3"
    }
  ]
}
