{
  "$comment": "Automatically generated by scripts/boost/generate-ports.ps1",
  "name": "boost-uuid",
  "version": "1.81.0",
  "port-version": 2,
  "description": "Boost uuid module",
  "homepage": "https://github.com/boostorg/uuid",
  "license": "BSL-1.0",
  "dependencies": [
    {
      "name": "boost-assert",
      "version>=": "1.81.0#2"
    },
    {
      "name": "boost-config",
      "version>=": "1.81.0#2"
    },
    {
      "name": "boost-container-hash",
      "version>=": "1.81.0#2"
    },
    {
      "name": "boost-core",
      "version>=": "1.81.0#2"
    },
    {
      "name": "boost-io",
      "version>=": "1.81.0#2"
    },
    {
      "name": "boost-move",
      "version>=": "1.81.0#2"
    },
    {
      "name": "boost-numeric-conversion",
      "version>=": "1.81.0#2"
    },
    {
      "name": "boost-predef",
      "version>=": "1.81.0#2"
    },
    {
      "name": "boost-random",
      "platform": "!uwp",
      "version>=": "1.81.0#2"
    },
    {
      "name": "boost-serialization",
      "version>=": "1.81.0#2"
    },
    {
      "name": "boost-static-assert",
      "version>=": "1.81.0#2"
    },
    {
      "name": "boost-throw-exception",
      "version>=": "1.81.0#2"
    },
    {
      "name": "boost-tti",
      "version>=": "1.81.0#2"
    },
    {
      "name": "boost-type-traits",
      "version>=": "1.81.0#2"
    },
    {
      "name": "boost-vcpkg-helpers",
      "version>=": "1.81.0#3"
    },
    {
      "name": "boost-winapi",
      "version>=": "1.81.0#2"
    }
  ]
}
