{
  "name": "bzip2",
  "version-semver": "1.0.8",
  "port-version": 3,
  "description": "bzip2 is a freely available, patent free, high-quality data compressor. It typically compresses files to within 10% to 15% of the best available techniques (the PPM family of statistical compressors), whilst being around twice as fast at compression and six times faster at decompression.",
  "homepage": "https://sourceware.org/bzip2/",
  "documentation": "https://sourceware.org/bzip2/docs.html",
  "license": "bzip2-1.0.6",
  "dependencies": [
    {
      "name": "vcpkg-cmake",
      "host": true
    },
    {
      "name": "vcpkg-cmake-config",
      "host": true
    }
  ],
  "default-features": [
    "tool"
  ],
  "features": {
    "tool": {
      "description": "Builds bzip2 executable"
    }
  }
}
