{
  "$comment": "Automatically generated by scripts/boost/generate-ports.ps1",
  "name": "boost-wave",
  "version": "1.81.0",
  "port-version": 2,
  "description": "Boost wave module",
  "homepage": "https://github.com/boostorg/wave",
  "license": "BSL-1.0",
  "supports": "!uwp",
  "dependencies": [
    {
      "name": "boost-assert",
      "version>=": "1.81.0#2"
    },
    {
      "name": "boost-build",
      "host": true,
      "version>=": "1.81.0#3"
    },
    {
      "name": "boost-concept-check",
      "version>=": "1.81.0#2"
    },
    {
      "name": "boost-config",
      "version>=": "1.81.0#2"
    },
    {
      "name": "boost-core",
      "version>=": "1.81.0#2"
    },
    {
      "name": "boost-filesystem",
      "platform": "!uwp",
      "version>=": "1.81.0#2"
    },
    {
      "name": "boost-format",
      "version>=": "1.81.0#2"
    },
    {
      "name": "boost-iterator",
      "version>=": "1.81.0#2"
    },
    {
      "name": "boost-lexical-cast",
      "version>=": "1.81.0#2"
    },
    {
      "name": "boost-modular-build-helper",
      "host": true,
      "version>=": "1.81.0#4"
    },
    {
      "name": "boost-mpl",
      "version>=": "1.81.0#2"
    },
    {
      "name": "boost-multi-index",
      "version>=": "1.81.0#2"
    },
    {
      "name": "boost-optional",
      "version>=": "1.81.0#2"
    },
    {
      "name": "boost-pool",
      "version>=": "1.81.0#2"
    },
    {
      "name": "boost-preprocessor",
      "version>=": "1.81.0#2"
    },
    {
      "name": "boost-serialization",
      "version>=": "1.81.0#2"
    },
    {
      "name": "boost-smart-ptr",
      "version>=": "1.81.0#2"
    },
    {
      "name": "boost-spirit",
      "version>=": "1.81.0#2"
    },
    {
      "name": "boost-static-assert",
      "version>=": "1.81.0#2"
    },
    {
      "name": "boost-throw-exception",
      "version>=": "1.81.0#2"
    },
    {
      "name": "boost-type-traits",
      "version>=": "1.81.0#2"
    },
    {
      "name": "boost-vcpkg-helpers",
      "version>=": "1.81.0#3"
    },
    {
      "name": "vcpkg-cmake",
      "host": true
    }
  ]
}
