{
  "$comment": "Automatically generated by scripts/boost/generate-ports.ps1",
  "name": "boost-math",
  "version": "1.81.0",
  "port-version": 2,
  "description": "Boost math module",
  "homepage": "https://github.com/boostorg/math",
  "license": "BSL-1.0",
  "dependencies": [
    {
      "name": "boost-assert",
      "version>=": "1.81.0#2"
    },
    {
      "name": "boost-build",
      "host": true,
      "version>=": "1.81.0#3"
    },
    {
      "name": "boost-concept-check",
      "version>=": "1.81.0#2"
    },
    {
      "name": "boost-config",
      "version>=": "1.81.0#2"
    },
    {
      "name": "boost-core",
      "version>=": "1.81.0#2"
    },
    {
      "name": "boost-integer",
      "version>=": "1.81.0#2"
    },
    {
      "name": "boost-lexical-cast",
      "version>=": "1.81.0#2"
    },
    {
      "name": "boost-modular-build-helper",
      "host": true,
      "version>=": "1.81.0#4"
    },
    {
      "name": "boost-predef",
      "version>=": "1.81.0#2"
    },
    {
      "name": "boost-random",
      "platform": "!uwp",
      "version>=": "1.81.0#2"
    },
    {
      "name": "boost-static-assert",
      "version>=": "1.81.0#2"
    },
    {
      "name": "boost-throw-exception",
      "version>=": "1.81.0#2"
    },
    {
      "name": "boost-vcpkg-helpers",
      "version>=": "1.81.0#3"
    },
    {
      "name": "vcpkg-cmake",
      "host": true
    }
  ]
}
