{
  "$comment": "Automatically generated by scripts/boost/generate-ports.ps1",
  "name": "boost-locale",
  "version": "1.81.0",
  "port-version": 3,
  "description": "Boost locale module",
  "homepage": "https://github.com/boostorg/locale",
  "license": "BSL-1.0",
  "supports": "!uwp",
  "dependencies": [
    {
      "name": "boost-assert",
      "version>=": "1.81.0#2"
    },
    {
      "name": "boost-build",
      "host": true,
      "version>=": "1.81.0#3"
    },
    {
      "name": "boost-config",
      "version>=": "1.81.0#2"
    },
    {
      "name": "boost-core",
      "version>=": "1.81.0#2"
    },
    {
      "name": "boost-iterator",
      "version>=": "1.81.0#2"
    },
    {
      "name": "boost-modular-build-helper",
      "host": true,
      "version>=": "1.81.0#4"
    },
    {
      "name": "boost-predef",
      "version>=": "1.81.0#2"
    },
    {
      "name": "boost-thread",
      "version>=": "1.81.0#2"
    },
    {
      "name": "boost-vcpkg-helpers",
      "version>=": "1.81.0#3"
    },
    {
      "name": "libiconv",
      "platform": "!uwp & !windows & !mingw"
    },
    {
      "name": "vcpkg-cmake",
      "host": true
    }
  ],
  "features": {
    "icu": {
      "description": "ICU backend for Boost.Locale",
      "dependencies": [
        "icu"
      ]
    }
  }
}
