{
  "$comment": "Automatically generated by scripts/boost/generate-ports.ps1",
  "name": "boost-algorithm",
  "version": "1.81.0",
  "port-version": 2,
  "description": "Boost algorithm module",
  "homepage": "https://github.com/boostorg/algorithm",
  "license": "BSL-1.0",
  "dependencies": [
    {
      "name": "boost-array",
      "version>=": "1.81.0#2"
    },
    {
      "name": "boost-assert",
      "version>=": "1.81.0#2"
    },
    {
      "name": "boost-bind",
      "version>=": "1.81.0#2"
    },
    {
      "name": "boost-concept-check",
      "version>=": "1.81.0#2"
    },
    {
      "name": "boost-config",
      "version>=": "1.81.0#2"
    },
    {
      "name": "boost-core",
      "version>=": "1.81.0#2"
    },
    {
      "name": "boost-exception",
      "version>=": "1.81.0#2"
    },
    {
      "name": "boost-function",
      "version>=": "1.81.0#2"
    },
    {
      "name": "boost-iterator",
      "version>=": "1.81.0#2"
    },
    {
      "name": "boost-mpl",
      "version>=": "1.81.0#2"
    },
    {
      "name": "boost-range",
      "version>=": "1.81.0#2"
    },
    {
      "name": "boost-regex",
      "version>=": "1.81.0#2"
    },
    {
      "name": "boost-static-assert",
      "version>=": "1.81.0#2"
    },
    {
      "name": "boost-throw-exception",
      "version>=": "1.81.0#2"
    },
    {
      "name": "boost-tuple",
      "version>=": "1.81.0#2"
    },
    {
      "name": "boost-type-traits",
      "version>=": "1.81.0#2"
    },
    {
      "name": "boost-unordered",
      "version>=": "1.81.0#2"
    },
    {
      "name": "boost-vcpkg-helpers",
      "version>=": "1.81.0#3"
    }
  ]
}
